datetime,content,quote,replies,reposts,likes,views
02/05/2024 16:25,"Proposed law: if someone tears down the American flag and puts up another flag in its place, that person should get a free (but mandatory) one-way trip to that flag’s country
Yes",0,40000,53000,152000,40000000
02/05/2024 17:41,"I’m not saying they can’t come back, but they have to experience that country for some period of time before returning",0,4700,3900,49000,2300000
02/05/2024 18:18,The Democratic National Convention this August has a good chance of outdoing 1968!,0,1000,2000,11000,1700000
02/05/2024 18:21,"Posting long form text, audio & video content on X will dramatically increase your reach!

Over half a billion active users are on this platform and they are the smartest and most influential audience on Earth.",1,4300,8700,44000,18000000
03/05/2024 04:34,This is wild!,1,3200,21000,64000,14000000
03/05/2024 04:35,Time for spring cleaning,1,3900,28000,108000,46000000
03/05/2024 04:35,Wow,1,5600,55000,158000,32000000
03/05/2024 04:50,It will bring you good fortune,0,27000,28000,235000,79000000
03/05/2024 06:43,This bill might have the opposite effect of its objective,1,6900,15000,86000,28000000
03/05/2024 12:43,Exactly,1,7700,19000,93000,29000000
03/05/2024 22:52,This should make a big difference in defeating deepfakes (and shallowfakes),1,3800,6000,35000,22000000
04/05/2024 08:16,"Entropy
Entropy
No escaping
That for me",0,27000,10000,91000,47000000
04/05/2024 16:19,14 years ago,1,9100,10000,69000,22000000
04/05/2024 17:04,Lil X turns 4 today on May 4th,0,36000,30000,578000,66000000
04/05/2024 17:07,Always think about this with my little fluffy dog. My big dog does look like a wolf.,0,14000,21000,184000,38000000
04/05/2024 19:35,"The standard Tesla Model Y now has a 320 mile range! Although it is rear-wheel-drive, the precision of Tesla’s electric motors means it still has great traction on snow & ice with all-season tires.",0,10000,9600,78000,48000000
04/05/2024 19:53,"Despite a massive bot purge, the X platform reached another all-time high in usage this month!",0,13000,19000,199000,56000000
04/05/2024 20:03,"Whether you agree with Bolsonaro or not, the people of Brazil have a right to hear him speak",1,5500,25000,136000,13000000
04/05/2024 20:04,Please take a moment to vote your Tesla shares and let us know if you encounter any issues with voting,1,2800,4600,26000,17000000
04/05/2024 20:22,Doesn’t make sense that American taxpayers are forced to fund anti-American activities,1,23000,54000,258000,53000000
04/05/2024 21:54,This will improve the quality of your replies,1,15000,8000,36000,13000000
05/05/2024 18:01,"Maiden launch of Falcon Heavy, the most powerful operational rocket on Earth, with the first dual rocket landing",0,11000,36000,273000,69000000
06/05/2024 18:13,"Although Boeing got $4.2 billion to develop an astronaut capsule and SpaceX only got $2.6 billion, SpaceX finished 4 years sooner. 

Note, the crew capsule design of Dragon 2 has almost nothing in common with Dragon 1. 

Too many non-technical managers at Boeing.",1,7700,20000,129000,49000000
06/05/2024 22:14,"Are you saying the fine was for repeating accurate government statistics? 

Was there anything inaccurate in what she said?",1,14000,54000,249000,62000000
07/05/2024 00:35,Great meeting with President JMilei!,0,12000,39000,451000,175000000
07/05/2024 01:01,Streaming live from MilkenInstitute in ~10 mins,0,5600,2900,26000,23000000
07/05/2024 01:19,Live from MilkenInstitute,0,3200,3500,17000,8100000
07/05/2024 02:23,I recommend investing in Argentina,1,21000,76000,551000,131000000
07/05/2024 06:59,Good breakdown of the discussion,1,2200,8700,44000,17000000
07/05/2024 08:04,"No humans, no humanity",1,19000,29000,165000,43000000
07/05/2024 08:33,This was Optimus not long ago,0,32000,31000,488000,64000000
07/05/2024 08:52,Worth watching,1,9000,39000,179000,48000000
07/05/2024 09:42,Great idea,1,3300,4400,26000,8500000
07/05/2024 09:55,"Accurate analysis. 

Only about 1/10,000 of distance driven is useful for training. 

The limiting factor for FSD progress was AI training compute, but now it is validation, as the interventions are so rare.",1,2600,4400,23000,7400000
07/05/2024 19:13,Why it is so important for xAI’s Grok to succeed. This is a much bigger deal than it may seem.,1,5700,19000,107000,24000000
07/05/2024 19:21,"This sounds insane if accurate!
CommunityNotes
, please check",1,17000,45000,181000,73000000
07/05/2024 19:37,"At the risk of sounding elitist, I prefer IHOP",0,11000,18000,204000,42000000
07/05/2024 19:43,How to vote your Tesla shares,1,3300,4100,26000,40000000
08/05/2024 03:08,The latest version of Tesla’s (supervised) self-driving will blow your mind,1,7700,7600,57000,50000000
08/05/2024 05:38,A terrible attack on the rights of Canadians to speak freely!,1,5600,28000,145000,71000000
09/05/2024 02:41,Successful 100 days with first human implant of Neuralink,1,6700,14000,83000,81000000
09/05/2024 06:36,This is real,0,20000,46000,733000,89000000
09/05/2024 14:38,"Given the terrible flooding in Rio Grande do Sul, Starlink will donate 1000 terminals to emergency responders and make usage for all terminals in the region free until the region has recovered.

I hope the best for the people of Brazil.",0,25000,79000,512000,65000000
09/05/2024 21:45,This illustrates just how much the legacy media lies to the public!,1,6400,23000,104000,35000000
10/05/2024 00:02,"Post your movies, TV series or podcast on this platform and monetize by turning on subscriptions!",1,3700,7900,55000,54000000
10/05/2024 08:07,What Earthlooks like in radio frequency from the Starlink direct to phone satellites,0,6200,12000,153000,60000000
10/05/2024 08:34,"Just to reiterate: Tesla will spend well over $500M expanding our Supercharger network to create thousands of NEW chargers this year. 

That’s just on new sites and expansions, not counting operations costs, which are much higher.",0,5600,11000,95000,54000000
10/05/2024 08:37,"Our 75th launch from Vandenberg, California",1,4000,15000,141000,51000000
10/05/2024 08:49,Just started a Supercharger Community,0,3400,4900,27000,14000000
10/05/2024 15:17,This is accurate,1,5100,16000,73000,63000000
10/05/2024 19:16,Concerning,1,13000,58000,236000,55000000
10/05/2024 22:06,I doubt that the people of Australia agree with suppressing their rights,1,7400,24000,104000,26000000
10/05/2024 22:46,Interesting,1,5700,21000,98000,38000000
11/05/2024 07:01,"Major geomagnetic solar storm happening right now. Biggest in a long time. Starlink satellites are under a lot of pressure, but holding up so far.",0,8200,33000,220000,53000000
11/05/2024 07:44,Only X resisted censoring your voice,1,21000,58000,424000,80000000
11/05/2024 19:44,Starships preparing for spaceflight,0,10000,30000,402000,57000000
11/05/2024 20:18,“You will use dongles and you will be happy”,0,7300,20000,290000,20000000
11/05/2024 21:33,You really feel that bass,0,31000,72000,716000,116000000
11/05/2024 21:37,How the Federal Reserve works,0,12000,78000,471000,64000000
12/05/2024 16:19,Happy Mother’s Day,0,16000,53000,708000,99000000
12/05/2024 19:55,Yup,1,18000,74000,447000,82000000
13/05/2024 21:33,This sounds bad,1,5300,27000,110000,38000000
13/05/2024 21:35,SpaceX’s mission is to extend consciousness to Mars and then the stars,0,15000,17000,177000,76000000
13/05/2024 21:58,Truth is stranger & funnier than fiction,1,3300,11000,68000,34000000
14/05/2024 15:40,The true battle is: Extinctionists who want a holocaust for all of humanity. — Versus — Expansionists who want to reach the stars and Understand the Universe.,1,11000,19000,95000,25000000
14/05/2024 16:12,"Now imagine if the extinctionist philosophy is programmed into AI. 

No need to imagine – this is already the case with Gemini and ChatGPT.",0,1400,2600,13000,1700000
14/05/2024 17:53,Cool,1,7500,26000,351000,83000000
14/05/2024 18:07,Wow,1,3000,12000,50000,14000000
15/05/2024 07:27,Optimus will be amazing,0,8800,10000,121000,58000000
15/05/2024 14:26,"Congrats SpaceX Falcon team on 50 successful missions already this year!

Highest flight rate of any rocket ever.",1,6300,17000,148000,35000000
16/05/2024 02:26,Interesting podcast!,1,2900,7400,58000,28000000
16/05/2024 06:30,Stacking Starship,0,8400,29000,316000,80000000
16/05/2024 09:50,Grok will soon offer a humorous take on the news in the spirit of how The Daily Show and Colbert Report used to be in ancient times,0,5600,9200,91000,42000000
16/05/2024 09:51,19 years ago,1,3300,10000,75000,16000000
16/05/2024 09:54,Early days of SpaceX,0,5400,17000,143000,33000000
16/05/2024 10:00,Thanks to all Tesla vote supporters!,1,5200,5700,44000,40000000
16/05/2024 10:20,Grok now available in Europe,1,3100,4100,34000,20000000
16/05/2024 10:26,Now imagine if the philosophy that led to this outcome was programmed into AI,1,4600,10000,75000,40000000
16/05/2024 10:37,Giga Berlin setting records for sustainability,1,2500,7500,59000,21000000
16/05/2024 10:44,Starlink now on over 200 cruise ships!,1,3200,7100,57000,30000000
16/05/2024 12:54,Thank you,1,6300,13000,112000,37000000
17/05/2024 05:58,"Neuralink is accepting applications for the second participant. 

This is our Telepathy cybernetic brain implant  that allows you to control your phone and computer just by thinking.

No one better than Noland (ModdedQuad) himself to tell you about the first!",1,5000,10000,51000,13000000
17/05/2024 07:14,All core systems are now on,0,14000,25000,193000,64000000
17/05/2024 15:44,Prosecute/Fauci,1,25000,116000,408000,52000000
18/05/2024 02:07,Falcon going to orbit as seen from ocean,0,18000,68000,928000,84000000
18/05/2024 02:24,"Interview with Noland, world’s first recipient of a Neuralink, which enables telepathic control of a computer or phone just by thinking!

Long-term, I think we can bridge severed nerve signals to a 2nd Neuralink in the spine, restoring full body control.",1,3600,7200,43000,17000000
18/05/2024 04:23,I’m looking forward to this,1,4500,16000,205000,46000000
18/05/2024 04:27,Sigh,1,1800,3800,27000,7600000
18/05/2024 04:29,Is this accurate? CommunityNotes,1,9600,16000,56000,24000000
18/05/2024 04:42,Yeah,1,2000,5000,32000,5400000
18/05/2024 05:35,Ice cream is an amazing invention,0,22000,41000,791000,86000000
18/05/2024 05:48,Cool,1,7300,17000,285000,85000000
18/05/2024 05:59,Great example of companies posting updates as X Articles,1,1400,3400,36000,18000000
18/05/2024 06:01,Please reply in comments if you’re having difficulty voting your Tesla shares,1,4700,3100,19000,33000000
18/05/2024 06:02,Congrats Tesla Fremont team!,1,2400,7500,106000,53000000
18/05/2024 06:32,Extremely concerning,1,6500,25000,103000,26000000
18/05/2024 06:48,"Grok upgrades. 

Also, you will soon be able to see a humorous take on the news from Grok if you chose “Fun Mode”.",1,2400,4100,22000,6200000
18/05/2024 07:02,There are no coincidences,0,9100,34000,281000,39000000
18/05/2024 07:11,Yes,1,5000,12000,75000,17000000
18/05/2024 16:53,Please let us know if you have any difficulties voting your Tesla stock,1,3400,3900,22000,10000000
18/05/2024 20:40,The Apple headphones are great,0,12000,13000,203000,78000000
19/05/2024 01:45,True,1,6900,13000,115000,34000000
19/05/2024 02:24,Stream your gameplay on X!,0,3400,5100,37000,17000000
19/05/2024 07:11,This is concerning. Tesla will reach out to these banks/brokers. Shareholders have the right to vote their shares!,1,3700,17000,34000,44000000
19/05/2024 07:15,Super low cost to charge your electric vehicle in Texas!,1,2800,4800,44000,32000000
19/05/2024 10:44,Starlink will help a lot of people throughout the world,1,4800,11000,67000,16000000
19/05/2024 10:47,Honored to launch Starlink in Indonesia!,0,11000,29000,216000,65000000
19/05/2024 22:42,Bringing connectivity to remote communities radically improves access to education and economic opportunities,0,18000,32000,275000,55000000
19/05/2024 23:29,Very much worth listening to the Tides of History podcast!,0,1600,3100,17000,9200000
19/05/2024 23:48,Echoes of present day,0,1600,2700,13000,9100000
20/05/2024 04:54,Starlink is now available in Fiji!,1,4000,9300,81000,43000000
20/05/2024 07:06,Reading the Grok newsfeed in fun mode is awesome,1,2600,3100,25000,25000000
20/05/2024 13:44,Starlink now available in 99 countries,1,5200,11000,77000,28000000
20/05/2024 16:01,Thanks AvanzaBank!,1,1300,2900,18000,6200000
20/05/2024 16:04,The Tesla team put this together of their own volition (I did not ask for it). Thanks!,1,4400,6500,45000,38000000
20/05/2024 19:51,"Starship Flight 4 in about 2 weeks.

Primary goal is getting through max reentry heating. 

Worth noting that no one has ever succeeded in creating a fully reusable heat shield. Shuttle required >6 months of rework.",1,4300,15000,99000,20000000
20/05/2024 20:30,Stream on X,0,14000,44000,614000,84000000
20/05/2024 21:09,The New Woke Times is truly unreadable,0,11000,28000,215000,30000000
20/05/2024 21:17,"In sharp contrast, X supports child safety bills",1,5200,29000,104000,14000000
20/05/2024 21:31,But why does this boycott continue?,1,5100,21000,99000,21000000
20/05/2024 23:49,"SpaceX might exceed 90% of all Earth payload to orbit later this year. 

Once Starship is launching at high rate, probably >99%. Has to be or we can’t build a city on Mars or base on moon.

We file almost no patents, so nothing stopping competition from copying us.",1,2900,8500,44000,8100000
20/05/2024 23:53,"Congratulations to the SpaceX team on passing 3 million customers in 99 countries!

And thanks to you for buying Starlink!",0,3900,10000,130000,48000000
20/05/2024 23:56,"This is a Black Mirror episode. 

Definitely turning this “feature” off.",1,13000,36000,183000,46000000
21/05/2024 00:22,This is the quality of humor we want from Grok,0,8200,21000,195000,26000000
21/05/2024 00:30,Testing Grok news funny mode,0,2000,3200,16000,14000000
21/05/2024 05:46,Easy to order online in 2 minutes at Starlink.com. No long-term contract required.,1,10000,14000,76000,17000000
21/05/2024 17:21,Teamwork can solve anything,0,9200,12000,124000,44000000
23/05/2024 02:02,Launching Starlink in Fiji with PresidentFiji!,0,5300,15000,191000,50000000
23/05/2024 02:43,This would be much appreciated!,1,3100,7500,37000,7700000
23/05/2024 02:51,Interesting visit to LosAlamosNatLab today. Discussed a lot of science 😉,0,2900,4000,42000,25000000
23/05/2024 03:20,Great work by the Notes team!,1,2600,5700,39000,12000000
23/05/2024 07:28,Thanks Jensen! nvidia,1,1400,3600,34000,21000000
23/05/2024 07:35,Some people still believe the legacy media,1,12000,83000,421000,93000000
23/05/2024 07:36,Community Notes now translated,1,1700,3100,16000,5400000
23/05/2024 07:53,Is suspect this thought has gone through many men’s minds recently,1,3300,6800,73000,57000000
23/05/2024 07:55,Asian women earn more than white men,0,9500,31000,174000,38000000
23/05/2024 08:10,Activists should be removed as judges,1,15000,65000,308000,45000000
23/05/2024 16:23,People will die if doctors misdiagnose patients,1,16000,43000,171000,32000000
23/05/2024 16:36,Trust the collective wisdom of the people,1,6000,20000,91000,19000000
23/05/2024 17:47,"A lot of social media is bad for kids, as there is extreme competition between social media AIs to maximize dopamine!",1,5100,17000,77000,18000000
23/05/2024 21:57,Yeah!,1,3900,6200,42000,9800000
23/05/2024 22:38,Rocket gymnastics,0,15000,34000,318000,44000000
24/05/2024 04:07,Flight 4 in about 10 days,1,9200,16000,137000,84000000
24/05/2024 16:09,"OG Doge has ascended to heaven to be with his friend Harambe

(",0,2200,2900,34000,4100000
24/05/2024 18:02,Could be a good one,0,5700,12000,70000,23000000
24/05/2024 23:55,Tesla Megapack batteries are great for buffering energy at scale!,1,2800,6300,49000,15000000
25/05/2024 00:06,"The Boring Company connects another hotel in Vegas!

Within a few years, you will be able to get to all major destinations in the city super fast with electric cars in tunnels. 

No need to imagine, you can try it today between Resorts World and the Convention Center!",1,6000,12000,113000,66000000
25/05/2024 00:12,It’s a real thing that you can try today,1,4100,8300,72000,46000000
25/05/2024 00:26,Improvements to Communities,1,2100,4300,21000,7400000
25/05/2024 01:19,Great show!,1,6100,17000,270000,87000000
25/05/2024 02:15,"WhatsApp exports your user data every night. 

Some people still think it is secure.",1,6700,25000,109000,39000000
25/05/2024 02:51,"Just a reminder that Earth is almost empty of humans, contrary to what many people think",0,27000,32000,152000,37000000
25/05/2024 06:27,"The goal of citizenship for all illegals is very clearly stated by the leader of the Senate.

For some reason, a lot of people still think this is some crazy conspiracy theory!",0,30000,75000,252000,34000000
25/05/2024 17:59,“Tesla is far ahead in self-driving cars” – Jensen Huang,0,6200,16000,114000,41000000
25/05/2024 20:08,"Anything that potentially challenges the Standard Model is a very interesting experiment. 

Wild that Germanium-76 takes 100 trillion times the age of the universe to decay, yet it is observable in a year in you have ~1 ton of it!",0,5300,8700,59000,22000000
27/05/2024 07:40,"Join xAI if you believe in our mission of understanding the universe, which requires maximally rigorous pursuit of the truth, without regard to popularity or political correctness",1,8100,24000,76000,47000000
28/05/2024 00:34,Interesting,1,10000,11000,74000,54000000
28/05/2024 16:04,Please let us know if you have any questions about voting your Tesla shares!,1,4100,5200,36000,31000000
28/05/2024 16:07,"Uploading your videos to X massively increases viewership, as the algorithm is optimizing for total user-seconds",1,8000,22000,62000,28000000
29/05/2024 13:19,Yeah,1,2500,4000,20000,8200000
29/05/2024 13:44,Cool,1,4900,6600,63000,36000000
29/05/2024 14:30,No kidding,1,3600,14000,68000,15000000
29/05/2024 15:00,Starlink provides Internet connectivity in the air that is often better than being on the ground!,1,6300,17000,125000,38000000
29/05/2024 18:26,Thanks Chamath!,0,8200,18000,135000,42000000
30/05/2024 06:29,Embrace cringe,0,13000,67000,687000,84000000
30/05/2024 17:12,"Prop C, while certainly well-intentioned, has actually amplified the homeless problem and forced businesses that operate on very slim margins, like payments companies, to leave the city or go bankrupt. 

It must be repealed.",1,3900,9100,43000,14000000
30/05/2024 17:31,Why is making life multiplanetary important?,0,16000,22000,152000,56000000
31/05/2024 08:16,"Indeed, great damage was done today to the public’s faith in the American legal system.

If a former President can be criminally convicted over such a trivial matter – motivated by politics, rather than justice – then anyone is at risk of a similar fate.",1,52000,124000,515000,73000000
31/05/2024 08:49,"I do. “Some hate humanity, but I love humanity so much.”",1,29000,33000,404000,76000000
31/05/2024 16:57,Great book,1,3300,8800,52000,10000000
31/05/2024 17:21,How to vote your Tesla shares,1,2200,4600,27000,13000000
31/05/2024 17:26,This will be interesting,1,22000,67000,445000,77000000
31/05/2024 17:52,The proscriptions of Marius led to the proscriptions of Sulla,0,6700,10000,83000,44000000
01/06/2024 01:01,Hard to view this as anything other than abuse of the law for political purposes,1,31000,95000,420000,56000000
01/06/2024 07:01,Great work by the SpaceX Falcon team launching 14 times in a single month!,1,5500,17000,157000,54000000
02/06/2024 02:02,"Starship Flight 4, with many improvements, aiming to launch on Thursday!

The main goal of this mission is to get much deeper into the atmosphere during reentry, ideally through max heating.",1,6400,16000,113000,28000000
02/06/2024 08:53,Not much has changed,1,15000,55000,241000,64000000
02/06/2024 16:00,"Starlink just achieved a new internal median latency record of 28ms yesterday!

Great work by the engineering and operations teams.",0,6300,12000,177000,52000000
02/06/2024 16:17,I love monuments to hubris,1,6100,14000,117000,35000000
02/06/2024 23:21,The tote bag,0,5000,10000,171000,30000000
03/06/2024 02:39,Civilization is careening towards dystopia/utopia,0,20000,26000,224000,57000000
03/06/2024 04:56,Join us!,1,2400,3000,24000,21000000
03/06/2024 06:24,Starship is ready to fly,0,13000,38000,503000,87000000
03/06/2024 06:30,Yup,1,9300,24000,310000,61000000
03/06/2024 14:31,Yup,1,5900,18000,129000,19000000
03/06/2024 15:48,2Xist is,0,8100,6700,92000,48000000
03/06/2024 16:31,English has been a de facto open source language that has actively sought to include words from other languages for half a millennium,1,3000,4700,25000,7300000
03/06/2024 17:03,Tesla went public at $1.5B valuation 14 years ago. Valuation today is over $500B.,1,8400,23000,198000,57000000
03/06/2024 20:47,Median latency for Starlink Internet in the US will get below 20ms,1,5000,9700,63000,20000000
05/06/2024 06:06,Somewhere between singing & improv,1,5800,13000,180000,45000000
05/06/2024 06:21,Freedom of speech is worth fighting for,1,12000,36000,197000,39000000
05/06/2024 06:27,We should update how we dress for the future!,0,2100,1300,15000,2100000
05/06/2024 13:58,Livestream of the first BoeingSpace Starliner to Space_Station. Wishing them best of luck!,1,2200,5000,37000,8400000
05/06/2024 14:39,The SpaceX Starship launch tomorrow morning will be live-streamed exclusively on X!,0,7600,12000,116000,42000000
05/06/2024 15:08,Thanks Ron!,1,2300,8400,56000,10000000
05/06/2024 15:26,"I’m glad the government of Japan recognizes the importance of this matter.

If radical action isn’t taken, Japan (and many other countries) will disappear!",1,8400,15000,77000,17000000
05/06/2024 16:10,Congratulations on a successful launch!,1,2900,8400,88000,46000000
05/06/2024 18:09,"ESG is a corrupted lie. 

It needs to end.",1,7300,26000,147000,20000000
05/06/2024 23:46,Ron Baron is awesome,1,2400,7300,53000,11000000
06/06/2024 00:14,Streaming live exclusively on this platform!,1,2500,6700,51000,15000000
06/06/2024 00:17,How to vote your Tesla shares,1,1900,3200,22000,15000000
06/06/2024 00:56,"Yeah, Jack is tight",0,11000,38000,197000,27000000
06/06/2024 04:24,Launch tmrw morning at 7:20 Texas time,0,8100,20000,271000,55000000
06/06/2024 14:10,We do actually have acquisition signal. 11 internal cameras are transmitting. Figuring out why external cameras aren’t.,0,610,1300,12000,1800000
06/06/2024 14:13,External camera comes online in 11 mins,0,1000,1500,14000,1600000
06/06/2024 14:19,Successful soft landing of the Starship Super Heavy rocket booster!,1,6000,19000,210000,51000000
06/06/2024 15:08,"Despite loss of many tiles and a damaged flap, Starship made it all the way to a soft landing in the ocean!

Congratulations SpaceX team on an epic achievement!!",1,8200,20000,205000,40000000
06/06/2024 16:16,Stainless Steel Rocket,0,5800,7800,116000,48000000
06/06/2024 16:52,"Why is Starship made of stainless steel? This article from 5 years ago explains the reasons. Worth noting that the ship would have failed on reentry if made of aluminum or carbon fiber, as they can’t take the heat.",0,3700,9500,71000,13000000
06/06/2024 16:55,"We did switch to a passive (mostly) glass heat shield, rather than actively-cooled steel, as the latter was heavier, at least according to initial calculations",0,585,1000,10000,1500000
06/06/2024 16:56,Accurate,1,3500,9500,147000,36000000
06/06/2024 17:20,"Today was a great day for humanity’s future as a spacefaring civilization!

Nothing unites us more than working together towards inspiring objectives.",0,8700,18000,193000,41000000
06/06/2024 21:55,Thanks Cathie,1,2200,7600,71000,29000000
06/06/2024 23:01,Starship reentering like a meteor,0,10000,43000,726000,54000000
06/06/2024 23:02,Starship separates from booster,0,3600,13000,225000,47000000
06/06/2024 23:05,Starship weighs 5000 tons on liftoff,0,15000,43000,379000,51000000
06/06/2024 23:44,"Note, a newer version of Starship has the forward flaps shifted leeward. This will help improve reliability, ease of manufacturing and payload to orbit.",0,843,1700,16000,2400000
07/06/2024 05:39,If you want a detailed explanation of why I switched Starship from carbon fiber to stainless steel,0,4400,13000,83000,25000000
07/06/2024 06:17,"Worth mentioning that switching to ultra hard, cold-rolled stainless steel for Starship is what led me to make Cybertruck out of it too",0,1100,1800,17000,2500000
07/06/2024 17:40,Congratulations narendramodi on your victory in the world’s largest democratic elections! Looking forward to my companies doing exciting work in India.,0,13000,55000,409000,74000000
07/06/2024 17:47,"Another Falcon 9 launch! 

Falcon alone is trending to set a world record for the most amount of mass Earth delivers to orbit in a year.",1,2800,5100,44000,24000000
07/06/2024 23:35,Not a difficult prediction! We will have this nailed for next flight.,1,3400,96000,85000,21000000
08/06/2024 04:25,300,1,4400,11000,134000,52000000
08/06/2024 04:27,Cool,1,5900,18000,129000,14000000
08/06/2024 04:30,Wow,1,12000,93000,380000,44000000
08/06/2024 18:43,"Starship booster makes soft landing in water, next landing will be caught by the tower arms",1,7300,21000,216000,69000000
08/06/2024 19:15,X is the global news,1,6700,11000,79000,40000000
08/06/2024 19:28,…,1,3100,5100,51000,32000000
08/06/2024 20:35,Ship it,0,7000,22000,366000,51000000
09/06/2024 00:03,"Please take a moment to vote your Tesla shares before the annual meeting on Thursday. 

Lmk in comments if you encounter any issues.",1,7800,7400,46000,44000000
09/06/2024 02:56,"I’ve mentioned something like this before, but, if any of my companies goes public, we will prioritize other longtime shareholders of my other companies, including Tesla.

Loyalty deserves loyalty.",0,7800,18000,192000,51000000
09/06/2024 04:13,"Sorry it’s taken so long to make it happen, but we’re super close now",1,5200,12000,99000,23000000
09/06/2024 04:26,"Publish full-length, complex articles on X!",1,2300,4000,29000,26000000
09/06/2024 04:52,"Thanks Ashok! 

Ashok was the first person to join the Tesla AI/Autopilot team and ultimately rose to lead all AI/Autopilot software. 

Without him and our awesome team, we would just be another car company looking for an autonomy supplier that doesn’t exist. 

Btw, I never",1,5000,23000,108000,27000000
09/06/2024 21:31,"Thanks Milan!

You’ve built the Optimus team from nothing to the most sophisticated humanoid robot in the world.",1,2500,4800,39000,21000000
10/06/2024 05:48,My dream is to reach Uranus,1,23000,20000,193000,60000000
10/06/2024 06:06,Stream on X!,1,3700,7100,57000,11000000
10/06/2024 12:04,How time flies,1,5000,12000,105000,36000000
10/06/2024 21:35,"If Apple integrates OpenAI at the OS level, then Apple devices will be banned at my companies. That is an unacceptable security violation.",0,28000,87000,557000,110000000
10/06/2024 21:37,"And visitors will have to check their Apple devices at the door, where they will be stored in a Faraday cage",0,3100,7300,83000,7300000
10/06/2024 21:50,"It’s patently absurd that Apple isn’t smart enough to make their own AI, yet is somehow capable of ensuring that OpenAI will protect your security & privacy!

Apple has no clue what’s actually going on once they hand your data over to OpenAI. They’re selling you down the river.",0,18000,51000,293000,49000000
10/06/2024 22:09,Now imagine if an AI trained in this way grows in power immensely,1,9700,24000,158000,36000000
10/06/2024 22:43,Here’s the problem with “agreeing” to share your data: nobody actually reads the terms & conditions,0,8000,20000,122000,24000000
10/06/2024 23:01,Exactly!,1,4500,17000,114000,51000000
11/06/2024 14:04,…,1,3500,11000,60000,20000000
11/06/2024 15:34,Please take a moment to vote,1,4400,5700,38000,37000000
11/06/2024 19:51,Important to allow people to like posts without getting attacked for doing so!,1,21000,25000,209000,38000000
11/06/2024 19:58,Cool :),1,3000,5500,52000,33000000
11/06/2024 20:10,How to share links,1,4300,6300,31000,11000000
12/06/2024 05:58,Starlink now available in 100 countries!,1,8000,17000,139000,47000000
12/06/2024 06:17,Yeah,1,9500,45000,300000,52000000
12/06/2024 06:17,A teleportation time machine would be so helpful,0,34000,43000,384000,95000000
12/06/2024 15:55,Interesting,1,1500,3500,23000,7700000
12/06/2024 15:57,Important change: your likes are now private,1,44000,82000,478000,155000000
12/06/2024 16:13,"Extremely challenging, but achievable",1,2500,6300,43000,13000000
12/06/2024 16:33,It was disrespectful & unkind of The New York Times to say that about the tribe,1,6400,17000,107000,25000000
12/06/2024 17:13,"Starship is the most power flying object ever created. 

Currently over twice the thrust of Saturn V and, with future upgrades, three times the thrust (10,000 tons of force).",1,7800,19000,180000,55000000
13/06/2024 01:12,Grok fun mode news,0,1800,2900,20000,18000000
13/06/2024 01:14,Massive increase in likes after they were made private!,0,26000,47000,510000,80000000
13/06/2024 03:50,Both Tesla shareholder resolutions are currently passing by wide margins!,0,13000,16000,130000,50000000
13/06/2024 16:21,Refs to players ratio needs to be sensible,1,6000,20000,109000,28000000
13/06/2024 21:05,Tesla annual meeting in 25 mins!,1,7300,10000,67000,32000000
14/06/2024 02:14,Logan Paul interviews realDonaldTrump,1,4400,13000,142000,89000000
14/06/2024 06:25,Sending this cake to Delaware as a parting gift,0,14000,35000,375000,69000000
15/06/2024 14:54,"Wise words from a recent interview with geoffreyhinton
, one of the smartest people in the world regarding AI",0,7000,32000,118000,37000000
15/06/2024 14:58,"We should eliminate electronic voting machines. The risk of being hacked by humans or AI, while small, is still too high.",1,34000,92000,393000,100000000
15/06/2024 17:06,Hmm,1,6600,33000,151000,34000000
15/06/2024 17:11,Legalize humor!!,0,21000,52000,453000,88000000
15/06/2024 17:33,!!,1,9000,38000,169000,42000000
16/06/2024 17:54,Happy Father's Day!,0,22000,44000,616000,97000000
16/06/2024 18:52,Wow!,1,13000,47000,143000,55000000
16/06/2024 19:14,Video continues to increase fast,1,2800,8400,69000,33000000
16/06/2024 19:35,lol,1,2900,7700,100000,48000000
17/06/2024 15:42,Big improvements to advertising,1,4300,8200,52000,15000000
17/06/2024 19:06,The new Model 3 Long Range is an amazing car,1,7100,11000,96000,58000000
17/06/2024 19:10,"Tesla Megapacks massively increase electric power generation efficiency, as they can buffer power at night for use in the day, dramatically reducing the need to build new powerplants. 

It also allows for the least efficient power plants to be shut down!",1,6200,14000,96000,50000000
17/06/2024 20:37,Working on the Tesla Master Plan 4. It will be epic.,0,14000,33000,219000,70000000
18/06/2024 15:46,The federal government is spending America into oblivion,1,13000,44000,162000,59000000
18/06/2024 15:49,Article about Tesla Powerwall 3,1,2500,5600,32000,17000000
18/06/2024 20:46,True,1,8800,17000,128000,25000000
19/06/2024 11:49,X is by far the best way to reach the most influential people on Earth,1,7400,14000,96000,28000000
19/06/2024 14:13,Good summary of my talk,1,4300,10000,64000,14000000
19/06/2024 16:42,This government program is an outrageous waste of taxpayer money and is utterly failing to serve people in need,1,20000,55000,266000,44000000
20/06/2024 05:18,This platform is the number 1 source of news in the world!,1,18000,31000,206000,36000000
20/06/2024 14:34,Any given AI startup is doomed to become the opposite of its name,0,9100,9400,102000,45000000
20/06/2024 14:54,Civilization may end with a bang or with a whimper (in adult diapers),1,10000,18000,92000,28000000
20/06/2024 16:33,We are nothing without our fans,1,10000,25000,393000,104000000
20/06/2024 18:40,This is messed up,1,22000,92000,400000,64000000
20/06/2024 18:56,"Sizing for ~130MW of power & cooling this year, but will increase to >500MW over next 18 months or so. 

Aiming for about half Tesla AI hardware, half Nvidia/other.

Play to win or don’t play at all.",1,1600,2500,20000,3700000
21/06/2024 00:18,All-In interviews realDonaldTrump!,1,5500,23000,103000,20000000
21/06/2024 18:28,Interesting,1,9700,36000,162000,26000000
21/06/2024 19:17,Cool,1,3500,7600,58000,26000000
22/06/2024 14:39,It is really is,1,6400,17000,118000,48000000
22/06/2024 15:59,"Exactly. 

A “class action” lawsuit, by definition, should represent the class, yet this one, and most others, do NOT, serving simply to enrich law firms at the expense of the people they falsely claim to represent.

The law should be changed to require at least 10% of the",1,6500,19000,91000,21000000
22/06/2024 16:09,Everyday Astronaut interview and Starship factory tour!,1,5400,13000,83000,27000000
23/06/2024 14:46,"Another “conspiracy theory” turns out to be true. 

Strange that Arizona requires proof of citizenship for state, but not federal elections",1,16000,80000,229000,76000000
24/06/2024 07:56,"Anyone who claims that their political party does no wrong and the other party does no right is either a liar, a fool or both.",0,34000,96000,616000,85000000
24/06/2024 09:46,True,1,4300,10000,56000,15000000
24/06/2024 16:49,"Wow, this is messed up. 

Imposing guilt upon people for things that happened before they were even born is not right. It needs to stop.",1,7100,35000,200000,55000000
24/06/2024 19:56,The trend is very strong that any AI company’s name that can be inverted will be inverted,0,7500,10000,96000,44000000
25/06/2024 15:08,Part 2 of the Starship discussion with Erdayastronaut,1,6900,18000,47000,39000000
25/06/2024 17:44,"The CEO of an aircraft company should know how to design aircraft, not spreadsheets",1,10000,32000,182000,36000000
25/06/2024 18:11,“Sue Origin”,0,6000,7200,83000,41000000
26/06/2024 04:00,New weather satellite delivered!,0,4100,12000,118000,29000000
26/06/2024 04:02,"Falcon Heavy side boosters land in Cape Canaveral, Florida",0,5700,20000,211000,53000000
26/06/2024 18:07,Hawk …,0,36000,39000,578000,74000000
27/06/2024 06:29,Over 5 million pounds of thrust from 27 engines,1,4700,7400,101000,6700000
27/06/2024 08:19,Welcome to the future,1,6100,15000,187000,42000000
27/06/2024 18:33,…,1,10000,51000,211000,49000000
27/06/2024 22:48,Starlink now available in Madagascar!,1,5300,10000,94000,27000000
27/06/2024 23:30,Worth watching,1,6300,12000,95000,21000000
27/06/2024 23:30,It’s basically just Karate Kid at scale,1,3100,5800,52000,17000000
28/06/2024 06:06,Tonight was a clear victory … for memes,0,17000,42000,581000,93000000
28/06/2024 06:17,30 years ago,0,37000,71000,1000000,115000000
28/06/2024 15:32,Truth is the first casualty in the war that is politics,1,4300,16000,99000,29000000
28/06/2024 15:43,Lmao,1,20000,42000,248000,32000000
28/06/2024 15:57,lol,1,48000,68000,895000,137000000
28/06/2024 19:03,Cool,1,2900,9200,92000,19000000
28/06/2024 19:44,"Have to say that CNN
 did a good job managing the debate. 

Questions were reasonable and non-partisan. No favoritism was shown to either candidate. 

This is what the public wants from the media.",0,27000,36000,505000,49000000
28/06/2024 19:52,Good thread,1,1200,6000,34000,22000000
28/06/2024 19:53,The CEO of Ford loves electric vehicles!,1,2700,3900,28000,9300000
28/06/2024 20:48,True,1,5300,9900,94000,33000000
28/06/2024 21:21,Record usage of X during a Presidential debate!,1,4200,9600,89000,29000000
29/06/2024 05:58,Unmodified picture of the Falcon launch,0,8000,22000,337000,56000000
29/06/2024 07:46,"X US usage reaches all-time high! 76B total user-seconds in the US, beating the previous record by 5%.",0,8200,10000,107000,46000000
29/06/2024 08:50,Testing to see if this post reaches people in the greater Austin area,0,5700,1800,18000,1400000
29/06/2024 15:54,…,1,5000,20000,80000,17000000
30/06/2024 01:54,Absolutely,1,4800,6100,38000,11000000
30/06/2024 10:17,Makes a good point about democracy,1,6600,36000,197000,45000000
30/06/2024 10:20,Subscriptions in support of your freedom to speak are much appreciated,1,3400,5300,28000,17000000
30/06/2024 16:10,Thoughtful explanation of the Supreme Court’s recent decision regarding ambiguous regulatory authority,1,1500,3900,22000,12000000
30/06/2024 16:15,Our greatest dream is to send a spaceship to Uranus,0,45000,36000,370000,82000000
30/06/2024 19:39,Let’s make (good) sci-fi real!,1,4300,10000,110000,26000000
30/06/2024 20:08,X is the group chat for Earth,0,20000,31000,273000,70000000
30/06/2024 20:10,"True, first time I’ve seen Republicans & Democrats agree on something in a long time",1,5000,14000,118000,35000000
30/06/2024 21:42,Accurate,1,2100,17000,83000,17000000
30/06/2024 21:48,The law is violating the law,1,2900,14000,66000,22000000
30/06/2024 21:52,Yay!,1,5000,10000,84000,25000000
01/07/2024 02:32,Would be lovely to see more accounts on X simply posting beautiful content,1,34000,38000,492000,142000000
01/07/2024 02:47,Another Grok banger 😂,0,1600,2500,15000,10000000
01/07/2024 04:07,"Some audiobook recommendations:

The Story of Civilization by Durant
Iliad (Penguin Edition)
The Road to Serfdom by Hayek
American Caesar by Manchester
Masters of Doom by Kushner
The Wages of Destruction by Tooze
The Storm of Steel by Junger
The Guns of August by Tuchman
The",0,7700,19000,124000,30000000
01/07/2024 04:19,Gonna be a *lot* of robots in the future,1,4600,6100,40000,18000000
01/07/2024 04:40,"Stalin: Court of the Red Czar by Montefiore 
(If you want some real nightmares)",0,775,1500,11000,2400000
01/07/2024 06:02,"Other trucks look badass, Cybertruck actually is",0,31000,52000,549000,145000000
01/07/2024 06:56,Great Herzog moment,1,1900,4100,36000,23000000
01/07/2024 13:46,"That almost the entire media repeated the same lie with the exact same words is disturbing. 

The legacy news is not merely fake, but also unoriginally fake!

If you want to know the truth, it’s on X.",1,24000,93000,402000,55000000
01/07/2024 14:03,"When will politicians, or at least the intern who runs their account, learn that lying on this platform doesn’t work anymore?",0,37000,113000,643000,71000000
01/07/2024 14:04,Good idea,1,4800,9600,102000,24000000
01/07/2024 15:10,Running ads is easy and getting easier,1,2100,3600,21000,7700000
01/07/2024 17:35,…,1,2300,3500,29000,14000000
02/07/2024 15:51,Join xAI to build maximum truth-seeking AI with the best sense of humor!,1,2900,5300,36000,9900000
02/07/2024 15:59,Dan’s right about this,1,3600,7700,44000,17000000
02/07/2024 16:02,"Yeah, it’s awesome. Once you use Tesla Autopilot/FSD for commuting, you won’t use any other car.",1,12000,18000,148000,80000000
02/07/2024 16:17,What you sometimes see in the night sky from the Cape in Florida and similar (just no Dragon) from southern California,1,2100,6100,34000,7100000
02/07/2024 16:59,The New York Times is attacking *your* freedom of speech!,0,28000,64000,313000,52000000
02/07/2024 17:18,"True, although AI & robotics will save us
(probably)",1,4400,7000,36000,11000000
03/07/2024 05:20,Unmodified video,1,7600,15000,134000,44000000
03/07/2024 15:15,More satellites capable of providing Internet directly to mobile phones,1,9800,19000,139000,38000000
04/07/2024 05:58,Yeah!!,1,11000,26000,379000,76000000
04/07/2024 18:37,🇺🇸🇺🇸 Happy Independence Day! 🇺🇸🇺🇸,0,16000,35000,440000,88000000
05/07/2024 04:44,Tesla Gigafactory Supercomputer Cluster,0,11000,19000,236000,52000000
05/07/2024 06:03,🚀🚀🇺🇸🇺🇸 AMERICA  🇺🇸🇺🇸🚀🚀,0,15000,35000,292000,76000000
05/07/2024 16:44,"The legacy media are just propaganda puppets.

X has the truth.",1,11000,30000,140000,35000000
06/07/2024 00:50,Real question … since we obviously haven’t had one for a while lmao,1,14000,21000,176000,57000000
06/07/2024 00:53,"Those who oppose this are traitors.

All Caps: TRAITORS

What is the penalty for traitors again?",1,19000,69000,305000,56000000
06/07/2024 01:04,"When is there not one – just one – even *attempted* prosecution of that Epstein (Bill Gates & Reid Hoffman come to mind)
client list. 

Either FBI does their duty or the case for an entire departmental reset or abolishment is strong.",1,23000,101000,442000,74000000
06/07/2024 01:08,Good one sigh,1,8500,26000,311000,77000000
06/07/2024 01:10,Wise words from AriEmanuel,1,2400,7500,36000,17000000
06/07/2024 01:20,Flight 5 in 4 weeks,1,7200,21000,164000,57000000
07/07/2024 19:03,I agree!,1,14000,28000,154000,59000000
08/07/2024 12:37,Exactly,1,3500,10000,59000,27000000
08/07/2024 13:29,Government spending is bankrupting America,1,15000,32000,157000,40000000
08/07/2024 18:17,The goal all along has been to import as many illegal voters as possible,1,14000,51000,220000,45000000
08/07/2024 19:17,"Arizona requires proof of citizenship to vote in state elections, but explicitly does not for federal elections. This is messed up.",1,8900,56000,187000,27000000
08/07/2024 19:18,Great idea!!,1,4000,15000,98000,25000000
08/07/2024 22:07,Wow,1,16000,61000,191000,2700000
09/07/2024 00:21,"When combined with mail-in ballots, the system is *designed* to make it impossible to prove fraud.

Mail-in and drop box ballots should not be allowed, as cameras on the in-person voting stations would at least prevent large-scale fraud by counting how many people showed up vs",0,25000,75000,335000,53000000
09/07/2024 00:22,Tesla has a Semi,1,7700,17000,279000,73000000
09/07/2024 06:59,True ,1,5700,26000,104000,25000000
09/07/2024 07:56,"This is an excellent way to assess someone’s rationality.

Another way is to ask them to assign a probability to their argument being true vs false. Anyone who says anywhere close to 100% for a matter where there is subjectivity is full of 💩.",1,3000,7400,42000,13000000
09/07/2024 08:48,"Electronic voting machines and anything mailed in is too risky. 

We should mandate paper ballots and in-person voting only.",0,19000,73000,298000,27000000
09/07/2024 11:28,2000 charging stalls in Norway! 🇳🇴,1,6300,13000,189000,73000000
09/07/2024 16:27,Crazy waste of taxpayer money with nothing to show for it!,1,3000,8300,62000,26000000
09/07/2024 16:30,"Cool, glad Starlink could help!",1,2000,5000,36000,10000000
09/07/2024 16:36,"This should be a requirement. If Argentina can do it, so can America!",1,17000,77000,369000,58000000
09/07/2024 17:04,Great idea,1,7500,43000,333000,54000000
09/07/2024 17:20,362 billion user-seconds per day!,1,4700,7800,50000,11000000
09/07/2024 17:23,This is a more accurate description of what happens regarding voter fraud,1,6400,31000,109000,25000000
09/07/2024 17:24,Who are these “activists”?,1,7600,22000,113000,40000000
09/07/2024 23:51,Getting ready for flight 5!,1,5000,13000,129000,26000000
10/07/2024 05:03,"To make up for this heinous crime, I will refrain from having omelette for a week",0,11000,18000,167000,27000000
10/07/2024 15:49,Extremely concerning!,1,9000,32000,114000,48000000
10/07/2024 16:54,The simulation is sending us a message,0,21000,49000,460000,91000000
10/07/2024 18:09,Grok fun mode news is awesome 😂,0,3400,5800,34000,8700000
10/07/2024 18:12,The Neuralink team is doing a live video update in about 5 minutes …,0,3800,3700,36000,16000000
10/07/2024 18:21,"After the presentation, the Neuralink team will take questions from X",0,2600,2900,27000,13000000
10/07/2024 19:53,Neuralink update!,1,3800,7400,49000,12000000
10/07/2024 20:36,The New York Times specializes in tediously misleading propaganda,1,4300,12000,69000,27000000
11/07/2024 07:46,"The physicality of the brain becomes startlingly obvious upon inspection: it is a biological computer.

Our brains shrinks over time as we age and when you see the brain of someone with severe dementia, the damage is not subtle. What is surprising is that it functions at all.",0,11000,19000,150000,33000000
11/07/2024 09:36,"Computers will control the future
…
…
…
They already do",0,20000,30000,302000,73000000
11/07/2024 09:40,When ur way underleveled for video game boss fight,0,8100,27000,381000,83000000
11/07/2024 09:54,Maybe this applies to real-life too 🤔,0,4400,12000,192000,40000000
11/07/2024 10:20,"There is a tiny chance this will pass the senate if a few Dems cross party lines, but Biden said he would veto the bill even it did. 

I wonder why? 🤔",1,21000,58000,260000,36000000
11/07/2024 11:40,Improved version of Neuralink update,0,4000,11000,73000,19000000
11/07/2024 12:22,"Having seen the evidence unearthed today by Congress, X has no choice but to file suit against the perpetrators and collaborators in the advertising boycott racket. 

Hopefully, some states will consider criminal prosecution.",1,13000,66000,295000,35000000
11/07/2024 16:26,"Good Tesla self-driving demo. 

It’s true, buying anything except a Tesla will seem like buying a horse & buggy.",1,3800,6400,53000,20000000
11/07/2024 16:27,True ,1,3200,12000,74000,30000000
11/07/2024 18:25,Starlink Mini,1,8700,19000,151000,52000000
12/07/2024 15:23,"New Tesla Model 3 version available in America. 

363 miles of range for $35k!",1,6000,8300,75000,28000000
12/07/2024 15:38,The legacy media is a propaganda machine,1,6300,23000,127000,28000000
12/07/2024 15:54,"Exactly, the legacy media is literally yesterday’s news",1,4500,20000,132000,34000000
12/07/2024 16:22,"The European Commission offered X an illegal secret deal: if we quietly censored speech without telling anyone, they would not fine us. 

The other platforms accepted that deal. 

X did not.",1,35000,169000,619000,83000000
12/07/2024 17:27,Exactly,1,2200,12000,68000,29000000
12/07/2024 17:49,"We look forward to a very public battle in court, so that the people of Europe can know the truth",1,13000,51000,264000,39000000
12/07/2024 20:48,Epic sideburns,0,1200,773,7000,1800000
13/07/2024 01:43,"We were told AI doom would be a paper clip maximizer, but it’s actually going to be Strawberry Fields Forever 🥁",1,3200,5500,32000,12000000
13/07/2024 03:35,Accurate,1,6900,41000,162000,26000000
13/07/2024 07:07,Congrats!,0,5800,19000,154000,54000000
13/07/2024 10:13,"Asimov’s Foundation series was part of the inspiration for making life/consciousness multiplanetary.

Being multiplanetary greatly extends the probable lifespan of civilization.

We must build Terminus.",0,9100,16000,95000,35000000
13/07/2024 13:29,Fidias is right. Super important decision.,1,6100,16000,108000,49000000
13/07/2024 17:58,Cool,1,4200,9800,196000,67000000
13/07/2024 18:04,Starlink making progress in Japan,1,2700,6300,56000,22000000
13/07/2024 18:22,It is the first rocket booster & spaceship design capable of doing so,1,3500,9200,80000,36000000
13/07/2024 23:45,I fully endorse President Trump and hope for his rapid recovery,0,90000,415000,2300000,218000000
13/07/2024 23:59,Last time America had a candidate this tough was Theodore Roosevelt,0,32000,114000,994000,108000000
14/07/2024 01:01,The Reid Hoffman’s of the world got their dearest wish … but then the martyr lived,0,4500,27000,149000,28000000
14/07/2024 01:11,The head of the Secret Service and the leader of this security detail should resign,1,37000,197000,1000000,131000000
14/07/2024 02:00,Exactly,0,25000,112000,709000,96000000
14/07/2024 02:22,"Extreme incompetence or it was deliberate. Either way, the SS leadership must resign.",1,22000,111000,652000,92000000
14/07/2024 22:39,"The New York Times just published this about Trump today. 

They are truly callous and despicable human beings. Not a shred of empathy.",0,50000,106000,588000,58000000
14/07/2024 22:41,The legacy media is a pure propaganda machine. X is the voice of the people.,1,25000,118000,625000,60000000
15/07/2024 03:17,The best “reporters” are actual experts in a subject or those actually at the scene,1,3700,15000,114000,24000000
15/07/2024 03:56,ONE HUNDRED PERCENT,1,10000,45000,296000,36000000
15/07/2024 16:07,Interesting thread,1,3100,12000,84000,20000000
15/07/2024 16:18,Having a small person as body cover for a large man is like an undersized Speedo at the beach – doesn’t cover the subject,0,17000,49000,444000,56000000
15/07/2024 16:37,"Could be a man or a woman, to be clear, just needs to be large enough to do the job. Someone like Brienne of Tarth would be fine.",0,2400,4100,51000,3200000
15/07/2024 17:02,"I tried using both X and legacy media this weekend, but legacy media was so far behind and wrong that it was pointless. 

When something is wrong on X, it is corrected very fast, but it stays wrong for hours to days on legacy media.",1,12000,32000,221000,24000000
15/07/2024 17:18,"By the way, you can easily mute all posts that have words you find annoying. 

Just pop over to the settings page.",0,15000,23000,252000,49000000
15/07/2024 17:20,"WSJ management needs to clean house over there. 

If there is any news organization on Earth that should be unabashedly pro capitalism, it is the WALL STREET Journal, for goodness sake!

It’s literally in the name lmao.",1,4300,21000,126000,17000000
15/07/2024 19:59,"X usage hit another all-time high yesterday with 417 billion user-seconds globally!

In the US, user-seconds reached 93B, 23% higher than the previous record of 76B.

In a single day.",0,15000,31000,323000,47000000
15/07/2024 20:02,The legacy media misled the public,1,8300,28000,171000,24000000
15/07/2024 20:26,"Congratulations JDVance1!

Excellent decision by realDonaldTrump.",0,10000,43000,410000,53000000
15/07/2024 20:30,"–––––––
TRUMP
VANCE
–––––––

Resounds with victory",0,22000,67000,595000,82000000
15/07/2024 21:01,More than double the power of the Saturn V moon rocket!,0,7000,22000,256000,59000000
15/07/2024 21:03,Timely truth is immensely important for the collective consciousness to function well,0,7900,21000,190000,38000000
16/07/2024 01:22,"If we just grow market share enough, there won’t be anywhere else to advertise 🤷‍♂️",1,3200,8200,84000,23000000
16/07/2024 01:23,Both Tesla and xAI are looking to hire networking engineers & technicians,1,8500,16000,173000,56000000
16/07/2024 15:40,How to mute posts with words you find annoying,1,6400,9100,54000,21000000
16/07/2024 15:47,"Build a Community around anything at all on X!

Could be local neighborhood news & events, video games, movies, school discussions or anything at all, large or small.",1,4600,6500,43000,23000000
16/07/2024 15:59,The state will take away your kids in California,1,25000,82000,345000,46000000
16/07/2024 16:02,This would be great,1,3800,9500,85000,25000000
16/07/2024 16:13,"Someone wishing death on the leading US Presidential candidate and myself is paid to do so by the German government? Bundeskanzler, was ist das?",0,13000,49000,219000,62000000
16/07/2024 20:13,"This is the final straw. 

Because of this law and the many others that preceded it, attacking both families and companies, SpaceX will now move its HQ from Hawthorne, California, to Starbase, Texas.",1,23000,72000,411000,93000000
16/07/2024 20:14,Done,1,4300,29000,235000,37000000
16/07/2024 20:17,Looks very slopey …,1,13000,59000,419000,66000000
16/07/2024 20:24,I did make it clear to Governor Newsom about a year ago that laws of this nature would force families and companies to leave California to protect their children,0,3300,14000,145000,4900000
16/07/2024 20:31,And X HQ will move to Austin,1,14000,44000,307000,53000000
16/07/2024 20:33,Have had enough of dodging gangs of violent drug addicts just to get in and out of the building,0,3200,9700,95000,3800000
16/07/2024 20:55,Visual approximation of Secret Service Director Cheetos’s “foolproof” assassination protection strategy,0,24000,95000,769000,72000000
16/07/2024 21:30,Many will follow,1,5300,16000,144000,32000000
16/07/2024 21:30,Marc Andreessen and Ben Horowitz explain why they support Trump,0,4100,12000,63000,24000000
16/07/2024 21:46,The state will take your kids if you object,0,1800,3200,18000,1700000
16/07/2024 21:48,"As a reminder, Doug Leone of Sequoia Capital publicly voiced his support for Trump 6 weeks ago. 

Silicon Valley has shifted.",1,3900,23000,132000,19000000
16/07/2024 23:39,"The governor of California just signed a bill causing massive destruction of parental rights and putting children at risk for permanent damage.

Important to read this:",1,9100,63000,227000,23000000
17/07/2024 02:43,Well said!!,0,16000,83000,579000,67000000
17/07/2024 06:16,Such mean & cruel people they are,1,5000,13000,69000,13000000
17/07/2024 06:18,The choice is clear,1,13000,32000,245000,40000000
17/07/2024 15:20,Important for civilization to pass the single-planet Fermi Great Filter,1,8400,10000,100000,17000000
17/07/2024 15:37,True ,1,4200,12000,94000,24000000
17/07/2024 15:46,The smartest people in the world are on X,1,9700,12000,91000,28000000
17/07/2024 15:54,"True, the Democratic Party has moved so far left that the Republican Party is now closest to the center",1,17000,36000,234000,40000000
17/07/2024 16:25,So here’s the situation …,0,13000,57000,453000,119000000
17/07/2024 16:27,"Wow, steak & eggs with coffee in the morning really feels like a powerup!",0,17000,22000,326000,68000000
17/07/2024 16:48,"We have recently received many requests to suspend or otherwise impact accounts on the left.

However, X is a free speech platform that aspires to give equal voice to all, within the bounds of the law. 

That is what we will do.",0,47000,55000,607000,52000000
17/07/2024 16:55,Texas,0,46000,68000,1100000,84000000
17/07/2024 17:21,Can’t believe they didn’t notice Saddam Hussein was there!!,0,1800,2800,53000,4200000
17/07/2024 17:22,True ,1,3300,12000,54000,12000000
17/07/2024 17:24,Cybertruck has a sloped roof … just sayin,0,19000,39000,501000,60000000
17/07/2024 17:31,Thank you for your excellent analysis of just how dangerous this is for children,1,4700,33000,141000,15000000
17/07/2024 23:34,"For large commercial or community users, the Starlink Gateway terminal provides over 8Gbps of downlink and soon over 8Gbps uplink too",1,4600,7300,65000,17000000
17/07/2024 23:36,Starlink now serving about (Canadian pronunciation) 3% of homes in Canada!,1,5600,6200,68000,24000000
18/07/2024 03:44,Cybertruck in the wilds,1,7500,14000,149000,68000000
18/07/2024 15:03,He was brilliant,1,2500,9000,54000,12000000
18/07/2024 15:04,"Wow, America really is the land of opportunity!",1,27000,52000,325000,88000000
18/07/2024 15:09,Exactly,1,2900,22000,109000,32000000
18/07/2024 15:13,"True, usage levels are remaining high",1,3400,10000,89000,24000000
18/07/2024 15:17,The goal is this diabolical law is to break the parent-child relationship and put the state in charge of your children,1,19000,65000,276000,31000000
18/07/2024 15:28,Check out the new SpaceX EVA spacesuits. These will allow astronauts to do spacewalks.,1,3500,8300,62000,9700000
18/07/2024 17:21,Over 15 GWh of Megapacks!,1,3100,5300,43000,8400000
18/07/2024 18:11,Request a Community Note!,1,2600,4200,28000,6700000
18/07/2024 18:13,True 😂,1,4700,11000,119000,39000000
18/07/2024 18:19,They’re taking Biden fishing soon …,0,33000,57000,494000,139000000
18/07/2024 22:58,Yeah!!,1,17000,47000,492000,64000000
18/07/2024 23:25,Usually true,1,22000,76000,503000,59000000
18/07/2024 23:53,Wow,0,40000,77000,621000,111000000
18/07/2024 23:57,Whoa,1,4900,9700,60000,26000000
19/07/2024 06:06,Yup,1,8200,26000,190000,37000000
19/07/2024 11:56,Major problem. This California law should be repealed.,1,10000,29000,164000,53000000
19/07/2024 17:34,"Well, jk_rowling is absolutely right!

Almost every child goes through some kind of identity crisis during puberty. It is deeply wrong to make them permanently infertile with “puberty blockers”. 

If they still wish to transition as adults, provided they are fully informed of the risks, they can then make decisions as consenting adults.",1,17000,81000,544000,72000000
19/07/2024 17:45,Lalala,1,17000,55000,668000,120000000
19/07/2024 17:45,Damning that Dems fought so hard to allow registration to vote without proof of citizenship!,1,9100,57000,252000,20000000
19/07/2024 17:54,"Aiming to have a level playing field for all points of view. 

Note, I will also express my own point of view, as not doing so would be inconsistent with freedom of speech.",0,12000,44000,262000,24000000
19/07/2024 18:41,Congratulations PM NarendraModi on being the most followed world leader!,0,18000,52000,423000,68000000
20/07/2024 07:20,"Sometimes, the chickens hatch",1,4600,14000,132000,35000000
20/07/2024 14:39,Make America Greater Again,0,12000,31000,417000,91000000
20/07/2024 14:43,"AB 1955, authored by pedophile-apologist Scott Wiener and which GavinNewsom just signed into law in California, is a child predators dream",1,8700,38000,131000,51000000
20/07/2024 15:18,"And now it is time for America to reach far greater heights by sending astronauts to Mars!

Ultimately, anyone who wants to be a space traveler and help build a new civilization on Mars should be able to do so.

That is an inspiring future!",1,23000,26000,210000,38000000
20/07/2024 16:01,Best AI video to date!,1,23000,95000,591000,155000000
20/07/2024 16:03,Question the blob narrative,1,3700,16000,64000,14000000
20/07/2024 16:39,Collective power,1,5000,7300,51000,17000000
21/07/2024 15:51,Change the programs that someone else put in your mind,1,8300,43000,273000,64000000
21/07/2024 16:58,Whoa,1,8600,41000,199000,61000000
21/07/2024 19:13,Exactly,1,19000,62000,306000,44000000
21/07/2024 19:26,"My smartest friends, including those living in the San Francisco Bay Area who have been lifelong Dems, are excited about Trump/Vance",0,25000,50000,353000,70000000
21/07/2024 19:30,"I believe in an America that maximizes individual freedom and merit. 

That used to be the Democratic Party, but now the pendulum has swung to the Republican Party.",0,4900,10000,76000,4400000
21/07/2024 19:40,Simple incentives explain almost everything. A complex explanation is rarely needed.,1,4600,26000,149000,27000000
21/07/2024 19:55,"æsthetics matter
there should be 
a beauty to the flow
of thought on X",0,16000,14000,163000,48000000
21/07/2024 20:07,They are so slow,1,3000,6100,73000,33000000
21/07/2024 20:26,White House aides learned Biden was dropping out by reading X,1,10000,38000,254000,57000000
21/07/2024 20:28,X is a meme goldmine rn,1,3400,9300,95000,25000000
21/07/2024 20:30,"Leaders should post directly, not hand the role to intermediaries. That is what works best. 

Mistakes will be made, but that’s what proves it’s real. People want authenticity.",1,4300,13000,101000,24000000
22/07/2024 01:22,Hawk Ptah,0,7100,14000,156000,35000000
22/07/2024 01:49,High time for an AI fashion show,0,34000,177000,1200000,156000000
22/07/2024 02:12,What was the capital of ancient Egypt?,0,1300,2700,19000,7500000
22/07/2024 02:12,Grok is being trained in Memphis,0,813,1000,8600,2700000
22/07/2024 02:15,Imagine 4 years of this …,1,60000,126000,793000,157000000
22/07/2024 03:02,Poor Fredo,1,11000,31000,281000,62000000
22/07/2024 04:19,Worth following X,1,2500,3100,27000,14000000
22/07/2024 06:22,Timing was perfect 🤌,1,4500,17000,176000,60000000
22/07/2024 07:25,The ratings – if this reality were an alien Netflix series  – would be through the roof,0,5600,12000,157000,46000000
22/07/2024 07:53,Sure did,0,15000,60000,608000,94000000
22/07/2024 10:57,"Nice work by xAI team, X team, Nvidia & supporting companies getting Memphis Supercluster training started at ~4:20am local time.

With 100k liquid-cooled H100s on a single RDMA fabric, it’s the most powerful AI training cluster in the world!",0,4200,9400,85000,19000000
22/07/2024 11:17,Join xAI (or X) to help build maximally truth-seeking & curious AI to understand the nature of the Universe!,1,2100,3000,22000,10000000
22/07/2024 11:58,"But definitely looking to increase our human talent advantage, so please apply at xAI, as well as Tesla and X",1,1900,4300,31000,11000000
22/07/2024 12:00,This is a significant advantage in training the world’s most powerful AI by every metric by December this year,0,693,1300,12000,2700000
22/07/2024 18:45,America is going bankrupt btw,1,28000,68000,268000,52000000
22/07/2024 18:56,Yes,1,1900,3000,27000,21000000
22/07/2024 19:18,They should actually teach this in biz school,0,5800,40000,439000,72000000
22/07/2024 19:19,"Where are we with dollar value destruction, you might ask?",0,13000,46000,256000,53000000
22/07/2024 19:56,Talking with Jordan in 5 mins,1,7800,16000,117000,31000000
23/07/2024 04:50,Might be one day,1,15000,42000,515000,127000000
23/07/2024 21:26,Tesla quarterly update,1,4500,13000,100000,28000000
23/07/2024 22:29,Starlink is now active in a Gaza hospital with the support of UAEmediaoffice and Israel,0,18000,29000,269000,85000000
23/07/2024 22:31,Tesla earnings livestream,1,2800,8100,35000,12000000
24/07/2024 02:58,"About 3 weeks ago, the media told you that Biden was “sharp as a tack”",0,44000,146000,662000,100000000
24/07/2024 03:02,Shouldn’t the nominee be decided by a party vote? Democracy etc …,0,36000,120000,687000,66000000
24/07/2024 03:23,Cool,1,7000,19000,130000,28000000
24/07/2024 22:13,"Starlink now operating on over 1000 aircraft! 

Using Starlink on a plane feels like you’re on a high speed ground fiber connection.",1,7900,19000,138000,50000000
25/07/2024 07:19,"People who have been lifelong Democrats refuse to accept the clear reality that the Democratic Party is rapidly become openly antisemitic. 

This trend is accelerating, not slowing down. 

Knock, knock. Hello, Captain Obvious here!",1,41000,64000,316000,77000000
25/07/2024 07:30,"Literally as far left as it is possible to go!

They’re trying so hard to erase the Internet lmao.",0,15000,83000,312000,54000000
25/07/2024 07:33,Haha amazing,1,4300,12000,97000,45000000
25/07/2024 14:45,Olympics!,1,15000,59000,774000,173000000
25/07/2024 15:17,Looks like the public is in favor. Will discuss with Tesla board.,0,2700,1700,15000,3000000
26/07/2024 01:32,"Should Tesla invest $5B into xAI, assuming the valuation is set by several credible outside investors?

(Board approval & shareholder vote are needed, so this is just to test the waters)",0,19000,12000,49000,25000000
26/07/2024 13:15,CBS lies about Trump lying,0,32000,140000,579000,62000000
26/07/2024 13:33,America is headed for bankruptcy fyi,1,25000,55000,215000,49000000
26/07/2024 13:37,Real-time Olympics info at #Paris2024,1,8200,13000,123000,39000000
26/07/2024 14:39,"🇫🇷🇫🇷🇫🇷 Vive la France! 🇫🇷🇫🇷🇫🇷

Ville des Lumières #Paris2024",0,14000,23000,235000,65000000
26/07/2024 23:07,The Olympics laser show was amazing!,0,21000,38000,537000,105000000
27/07/2024 00:11,This is amazing,0,58000,244000,933000,131000000
27/07/2024 10:28,Super cool Tesla light show!,0,10000,26000,227000,51000000
27/07/2024 16:44,Save our kids!,0,27000,156000,863000,90000000
27/07/2024 19:58,It is,1,26000,88000,626000,79000000
27/07/2024 19:58,"Unless there is more bravery to stand up for what is fair and right, Christianity will perish",0,64000,123000,713000,113000000
27/07/2024 20:27,"It is time for the people of Venezuela to have the chance for a better future. 

Support Maria Corina!",1,19000,95000,474000,110000000
28/07/2024 00:15,Fast flame in slow motion,1,3600,7800,69000,14000000
28/07/2024 01:25,Judge Dredd would drive a Cybertruck,0,12000,9700,160000,46000000
28/07/2024 07:20,300th reuse of a Falcon rocket boost stage,1,5100,11000,121000,26000000
28/07/2024 15:18,Congrats to the SpaceX Falcon team on completing 3 successful launches this weekend!,0,6300,10000,219000,44000000
28/07/2024 15:29,16 years ago,1,5500,12000,160000,28000000
28/07/2024 18:30,Always pin your best posts!,1,4800,6000,77000,11000000
29/07/2024 04:34,"Wow, Google has a search ban on President Donald Trump! 

Election interference?",0,75000,175000,1000000,112000000
29/07/2024 05:17,Wow,1,9700,31000,146000,17000000
29/07/2024 05:18,Shame on Dictator Maduro,1,12000,77000,511000,79000000
29/07/2024 06:13,What a travesty,1,5100,26000,151000,48000000
29/07/2024 06:17,Hmm,1,5800,33000,182000,24000000
29/07/2024 06:22,I think the risk of this is very real,1,23000,72000,380000,66000000
29/07/2024 06:36,Yup,1,8100,32000,281000,35000000
29/07/2024 14:39,Britain has rightfully banned puberty blockers for children for the immense and permanent harm they do,1,4800,34000,279000,45000000
29/07/2024 15:03,"Thank goodness for common sense in the UK.

Now this should be applied in the US as soon as possible.",1,2900,27000,207000,27000000
29/07/2024 15:04,Just another fyi that government spending is driving America bankrupt …,1,5900,17000,70000,8400000
29/07/2024 15:07,Cool,1,6400,21000,274000,36000000
29/07/2024 15:14,"Wow, the donation levels from Alphabet and Univ of California are insanely high!",1,5300,17000,83000,12000000
29/07/2024 15:16,The legacy media NPC grovel fest,1,9700,16000,96000,11000000
29/07/2024 15:22,Probably just a coincidence that Alphabet (Google) employees were the top donors to Biden,1,11000,65000,281000,42000000
29/07/2024 15:32,Facebook & Instagram inflate their real user numbers by 400%,0,2800,14000,78000,5600000
29/07/2024 15:33,They are importing voters,1,7000,40000,178000,34000000
29/07/2024 15:34,Absolutely,1,2600,14000,60000,5900000
29/07/2024 15:39,Major election fraud by Maduro,1,16000,103000,518000,66000000
29/07/2024 16:03,The Biden-Harris Administration is importing vast numbers of voters,1,7900,31000,105000,11000000
29/07/2024 16:39,"The legacy media engages in the mass synchronization of emotion for political purposes.

They are a de facto arm of the DNC.",0,11000,41000,245000,37000000
29/07/2024 16:41,New Model S Plaid quarter mile time!,1,2500,3400,35000,6300000
29/07/2024 17:04,Making progress!,1,5100,18000,225000,48000000
29/07/2024 17:12,"FSD 12.5.1 starts wide release today. 

Please connect your Tesla to WiFi to receive the update.",0,3900,4600,55000,15000000
29/07/2024 17:15,Starlink could do it literally infinitely cheaper,1,7400,16000,104000,12000000
29/07/2024 19:55,"Wow, this is crazy!",1,29000,82000,407000,43000000
29/07/2024 19:58,Wow,1,13000,44000,221000,27000000
29/07/2024 20:00,And it will improve significantly from here,1,1300,1900,25000,9400000
29/07/2024 20:03,Ahem Google…,1,7100,23000,119000,12000000
29/07/2024 20:04,"As I was saying, they’re importing voters",1,11000,45000,180000,14000000
29/07/2024 21:53,Adios Dictatora Maduro,1,16000,135000,836000,62000000
29/07/2024 21:54,Verdad,1,4600,62000,375000,28000000
29/07/2024 21:58,The people of Venezuela have had enough of this clown 🤡,1,14000,123000,748000,76000000
29/07/2024 22:11,The donkey knows more than Maduro,0,24000,137000,740000,57000000
29/07/2024 22:36,Literally,1,1700,9800,83000,17000000
29/07/2024 22:59,Sorry for comparing the poor donkey with Maduro. It is an insult to the animal world.,0,7200,77000,370000,6900000
30/07/2024 00:25,Wow,1,3000,30000,170000,16000000
30/07/2024 01:00,"If the military supports the will of the people, it is over for Maduro",1,10000,75000,351000,28000000
30/07/2024 01:14,The dominoes continue to fall,1,5800,62000,360000,30000000
30/07/2024 01:35,The people of Venezuela want change!,1,6400,57000,276000,17000000
30/07/2024 01:44,"They should mix up the propaganda more. This is way too obvious. 

Just like when they were parroting before the debate that Biden was “sharp as a tack” 🤣",1,17000,52000,243000,19000000
30/07/2024 06:58,This is crazy,1,6400,13000,70000,6300000
30/07/2024 15:44,Wow,0,11000,25000,102000,6300000
30/07/2024 18:37,It sure looks like the FBI leadership engaged in perjury …,1,5500,37000,139000,15000000
30/07/2024 18:48,Tesla Model Y gets highest safety score ever!,1,5000,5600,61000,21000000
30/07/2024 18:59,Moving up!,1,6600,14000,177000,29000000
30/07/2024 19:14,This is real,0,23000,169000,756000,54000000
30/07/2024 19:50,Wow,1,9200,103000,477000,33000000
30/07/2024 20:02,#1 in Venezuela,1,9600,68000,433000,27000000
30/07/2024 20:14,Read The Parasitic Mind,0,8800,12000,126000,31000000
30/07/2024 22:07,Yup,1,2600,13000,66000,5800000
31/07/2024 04:02,The people voted overwhelmingly for Gonzalez,1,21000,148000,697000,67000000
31/07/2024 15:27,Cool,1,8300,15000,122000,46000000
31/07/2024 15:34,!!,1,2900,9900,32000,9800000
31/07/2024 15:42,Population collapse is happening in so many countries,1,8600,17000,70000,18000000
31/07/2024 16:18,Congrats to the Tesla drivetrain team!,1,3900,8300,114000,41000000
31/07/2024 19:02,Just did a search for “Trump rally” on Google and Kamala was the top result!,0,50000,85000,458000,53000000
31/07/2024 21:18,Interesting,1,4500,20000,124000,38000000